-- Create tables without foreign key constraints
CREATE TABLE "Product" (
    "Id" SERIAL PRIMARY KEY,
    "Name" VARCHAR(255) NOT NULL,
    "Rarity" VARCHAR(50) NOT NULL,
    "Season" INT NOT NULL,
    "Price" DECIMAL(10, 2) NOT NULL,
    "StockQuantity" INT NOT NULL
);

CREATE TABLE "Role" (
    "Id" SERIAL PRIMARY KEY,
    "Name" VARCHAR(255) NOT NULL
);

CREATE TABLE "User" (
    "Id" SERIAL PRIMARY KEY,
    "FirstName" VARCHAR(255) NOT NULL,
    "LastName" VARCHAR(255) NOT NULL,
    "Username" VARCHAR(255) NOT NULL,
    "Password" VARCHAR(255) NOT NULL,
    "Email" VARCHAR(255) NOT NULL,
    "RoleId" INT NOT NULL,
    "Sex" VARCHAR(10) NULL,
    "BranchId" INT,
    "CreatedDate" TIMESTAMP NOT NULL
);

CREATE TABLE "Branch" (
    "Id" SERIAL PRIMARY KEY,
    "Name" VARCHAR(255) NOT NULL,
    "ManagerId" INT NOT NULL,
    "CreatedDate" TIMESTAMP NOT NULL
);

CREATE TABLE "PaymentType" (
    "Id" SERIAL PRIMARY KEY,
    "Name" VARCHAR(255) NOT NULL
);

CREATE TABLE "DeliveryType" (
    "Id" SERIAL PRIMARY KEY,
    "Name" VARCHAR(255) NOT NULL
);

CREATE TABLE "Order" (
    "Id" SERIAL PRIMARY KEY,
    "UserId" INT NOT NULL,
    "EmployeeId" INT NOT NULL,
    "BranchId" INT NOT NULL,
    "CreatedDate" TIMESTAMP NOT NULL,
    "TotalAmount" DECIMAL(10, 2) NOT NULL,
    "TaxRate" DECIMAL(5, 2) NOT NULL,
    "PaymentTypeId" INT NOT NULL,
    "DeliveryTypeId" INT NOT NULL
);

CREATE TABLE "OrderProduct" (
    "Id" SERIAL PRIMARY KEY,
    "OrderId" INT NOT NULL,
    "ProductId" INT NOT NULL,
    "Quantity" INT NOT NULL,
    "UnitPrice" DECIMAL(10, 2) NOT NULL
);


INSERT INTO "Role" ("Id", "Name") VALUES
(1, 'Customer'),
(2, 'Employee'),
(3, 'Manager');

INSERT INTO "Branch" ("Id", "Name", "ManagerId", "CreatedDate") VALUES
(1, 'Prague', 1, '2024-01-01'),
(2, 'New York', 5, '2024-01-01'),
(3, 'Tokyo', 9, '2024-01-01');

INSERT INTO "User" ("Id", "FirstName", "LastName", "Username", "Password", "Email", "RoleId", "Sex", "BranchId", "CreatedDate") VALUES
-- Prague Branch
(1, 'Elon', 'Musk', 'elon.musk', 'password', 'elon@praguebranch.com', 2, 'M', 1, '2024-01-01'),
(2, 'Sundar', 'Pichai', 'sundar.pichai', 'password', 'sundar@praguebranch.com', 2, 'M', 1, '2024-01-01'),
(3, 'Sheryl', 'Sandberg', 'sheryl.sandberg', 'password', 'sheryl@praguebranch.com', 2, 'F', 1, '2024-01-01'),
(4, 'Bill', 'Gates', 'bill.gates', 'password', 'bill@praguebranch.com', 2, 'M', 1, '2024-01-01'),

-- New York Branch
(5, 'Tim', 'Cook', 'tim.cook', 'password', 'tim@nybranch.com', 2, 'M', 2, '2024-01-01'),
(6, 'Satya', 'Nadella', 'satya.nadella', 'password', 'satya@nybranch.com', 2, 'M', 2, '2024-01-01'),
(7, 'Susan', 'Wojcicki', 'susan.wojcicki', 'password', 'susan@nybranch.com', 2, 'F', 2, '2024-01-01'),
(8, 'Jeff', 'Bezos', 'jeff.bezos', 'password', 'jeff@nybranch.com', 2, 'M', 2, '2024-01-01'),

-- Tokyo Branch
(9, 'Masayoshi', 'Son', 'masayoshi.son', 'password', 'masayoshi@tokyobranch.com', 2, 'M', 3, '2024-01-01'),
(10, 'Jack', 'Ma', 'jack.ma', 'password', 'jack@tokyobranch.com', 2, 'M', 3, '2024-01-01'),
(11, 'Whitney', 'Wolfe', 'whitney.wolfe', 'password', 'whitney@tokyobranch.com', 2, 'F', 3, '2024-01-01'),
(12, 'Reed', 'Hastings', 'reed.hastings', 'password', 'reed@tokyobranch.com', 2, 'M', 3, '2024-01-01');

INSERT INTO "User" ("Id", "FirstName", "LastName", "Username", "Password", "Email", "RoleId", "Sex", "CreatedDate") VALUES
-- GTA V
(13, 'Michael', 'DeSanta', 'michael.ds', 'password', 'michael@gta.com', 1, 'M', '2024-01-01'),
(14, 'Franklin', 'Clinton', 'franklin.cl', 'password', 'franklin@gta.com', 1, 'M', '2024-01-01'),
(15, 'Trevor', 'Philips', 'trevor.ph', 'password', 'trevor@gta.com', 1, 'M', '2024-01-01'),

-- League of Legends
(16, 'Ahri', '', 'ahri', 'password', 'ahri@lol.com', 1, 'F', '2024-01-01'),
(17, 'Jinx', '', 'jinx', 'password', 'jinx@lol.com', 1, 'F', '2024-01-01'),
(18, 'Yasuo', '', 'yasuo', 'password', 'yasuo@lol.com', 1, 'M', '2024-01-01'),
(19, 'Lux', '', 'lux', 'password', 'lux@lol.com', 1, 'F', '2024-01-01'),
(20, 'Ezreal', '', 'ezreal', 'password', 'ezreal@lol.com', 1, 'M', '2024-01-01'),
(21, 'Thresh', '', 'thresh', 'password', 'thresh@lol.com', 1, 'M', '2024-01-01'),
(22, 'Zed', '', 'zed', 'password', 'zed@lol.com', 1, 'M', '2024-01-01'),

-- Call of Duty
(23, 'Captain', 'Price', 'price', 'password', 'price@cod.com', 1, 'M', '2024-01-01'),
(24, 'Soap', 'MacTavish', 'soap', 'password', 'soap@cod.com', 1, 'M', '2024-01-01'),

-- Other
(25, 'Lara', 'Croft', 'lara.croft', 'password', 'lara@tomb.com', 1, 'F', '2024-01-01'),
(26, 'Geralt', 'of Rivia', 'geralt.rivia', 'password', 'geralt@witcher.com', 1, 'M', '2024-01-01');

INSERT INTO "PaymentType" ("Id", "Name") VALUES
(1, 'Credit Card'),
(2, 'PayPal'),
(3, 'Bank Transfer'),
(4, 'Cash on Delivery');

INSERT INTO "DeliveryType" ("Id", "Name") VALUES
(1, 'Standard Shipping'),
(2, 'Express Shipping'),
(3, 'In-Store Pickup');

INSERT INTO "Product" ("Id", "Name", "Rarity", "Season", "Price", "StockQuantity") VALUES
-- Season 1
(1, 'Starter Box (S1)', 'Common', 1, 9.99, 200),
(2, 'Adventure Box (S1)', 'Uncommon', 1, 14.99, 180),
(3, 'Mystic Box (S1)', 'Rare', 1, 19.99, 150),
(4, 'Epic Box (S1)', 'Epic', 1, 49.99, 75),
(5, 'Legendary Box (S1)', 'Legendary', 1, 99.99, 25),

-- Season 2
(6, 'Explorer Box (S2)', 'Common', 2, 12.99, 160),
(7, 'Battle Box (S2)', 'Uncommon', 2, 19.99, 140),
(8, 'Champion Box (S2)', 'Rare', 2, 29.99, 120),
(9, 'Supreme Box (S2)', 'Epic', 2, 59.99, 60),
(10, 'Ultimate Box (S2)', 'Legendary', 2, 109.99, 20),

-- Season 3
(11, 'Rookie Box (S3)', 'Common', 3, 11.99, 170),
(12, 'Soldier Box (S3)', 'Uncommon', 3, 17.99, 150),
(13, 'Warrior Box (S3)', 'Rare', 3, 24.99, 100),
(14, 'Guardian Box (S3)', 'Epic', 3, 54.99, 50),
(15, 'Mythical Box (S3)', 'Legendary', 3, 119.99, 15),

-- Season 4
(16, 'Initiate Box (S4)', 'Common', 4, 10.99, 190),
(17, 'Explorer’s Cache (S4)', 'Uncommon', 4, 15.99, 170),
(18, 'Ranger Box (S4)', 'Rare', 4, 22.99, 130),
(19, 'Heroic Box (S4)', 'Epic', 4, 51.99, 55),
(20, 'Phoenix Box (S4)', 'Legendary', 4, 105.99, 18),

-- Season 5
(21, 'Beginner Box (S5)', 'Common', 5, 13.99, 180),
(22, 'Trekker Box (S5)', 'Uncommon', 5, 18.99, 160),
(23, 'Conqueror Box (S5)', 'Rare', 5, 27.99, 110),
(24, 'Vanquisher Box (S5)', 'Epic', 5, 58.99, 45),
(25, 'Ethereal Box (S5)', 'Legendary', 5, 121.99, 12);

-- Add foreign key constraints after table creation
ALTER TABLE "User"
ADD CONSTRAINT "fk_user_role" FOREIGN KEY ("RoleId") REFERENCES "Role"("Id"),
ADD CONSTRAINT "fk_user_branch" FOREIGN KEY ("BranchId") REFERENCES "Branch"("Id");

ALTER TABLE "Branch"
ADD CONSTRAINT "fk_branch_manager" FOREIGN KEY ("ManagerId") REFERENCES "User"("Id");

ALTER TABLE "Order"
ADD CONSTRAINT "fk_order_user" FOREIGN KEY ("UserId") REFERENCES "User"("Id"),
ADD CONSTRAINT "fk_order_employee" FOREIGN KEY ("EmployeeId") REFERENCES "User"("Id"),
ADD CONSTRAINT "fk_order_branch" FOREIGN KEY ("BranchId") REFERENCES "Branch"("Id"),
ADD CONSTRAINT "fk_order_payment" FOREIGN KEY ("PaymentTypeId") REFERENCES "PaymentType"("Id"),
ADD CONSTRAINT "fk_order_delivery" FOREIGN KEY ("DeliveryTypeId") REFERENCES "DeliveryType"("Id");

ALTER TABLE "OrderProduct"
ADD CONSTRAINT "fk_orderproduct_order" FOREIGN KEY ("OrderId") REFERENCES "Order"("Id"),
ADD CONSTRAINT "fk_orderproduct_product" FOREIGN KEY ("ProductId") REFERENCES "Product"("Id");

INSERT INTO "Order" ("Id", "UserId", "EmployeeId", "BranchId", "CreatedDate", "TotalAmount", "TaxRate", "PaymentTypeId", "DeliveryTypeId") VALUES
(1,20,5,2,'2024-01-04',249.90,0.21,1,2),
(2,25,9,3,'2024-01-04',24.99,0.21,2,1),
(3,14,11,3,'2024-01-06',195.93,0.21,2,2),
(4,17,1,1,'2024-01-06',103.98,0.21,3,2),
(5,20,4,1,'2024-01-07',23.98,0.21,1,3),
(6,25,1,1,'2024-01-09',25.98,0.21,1,2),
(7,18,1,1,'2024-01-09',1209.89,0.21,2,3),
(8,21,1,1,'2024-01-12',365.97,0.21,3,1),
(9,18,11,3,'2024-01-12',999.90,0.21,2,1),
(10,21,4,1,'2024-01-12',879.92,0.21,4,3),
(11,17,10,3,'2024-01-12',799.92,0.21,3,2),
(12,26,10,3,'2024-01-15',329.89,0.21,2,2),
(13,26,2,1,'2024-01-18',19.99,0.21,4,3),
(14,21,8,2,'2024-01-21',63.96,0.21,4,1),
(15,26,8,2,'2024-01-21',21.98,0.21,2,3),
(16,15,11,3,'2024-01-24',29.97,0.21,3,2),
(17,26,8,2,'2024-01-26',239.92,0.21,2,3),
(18,18,9,3,'2024-01-26',55.96,0.21,4,1),
(19,20,12,3,'2024-01-29',99.95,0.21,4,2),
(20,26,6,2,'2024-02-01',59.99,0.21,1,3),
(21,19,1,1,'2024-02-02',83.97,0.21,2,1),
(22,13,3,1,'2024-02-05',211.98,0.21,2,3),
(23,23,7,2,'2024-02-07',160.93,0.21,3,1),
(24,25,2,1,'2024-02-10',1341.89,0.21,2,1),
(25,18,2,1,'2024-02-12',117.98,0.21,3,2),
(26,18,7,2,'2024-02-13',19.99,0.21,2,3),
(27,16,8,2,'2024-02-14',176.97,0.21,2,2),
(28,23,9,3,'2024-02-16',143.91,0.21,3,1),
(29,24,1,1,'2024-02-19',1099.89,0.21,1,1),
(30,13,2,1,'2024-02-20',269.91,0.21,1,2),
(31,26,4,1,'2024-02-22',49.98,0.21,1,3),
(32,24,11,3,'2024-02-24',415.92,0.21,1,3),
(33,14,9,3,'2024-02-24',439.92,0.21,1,1),
(34,23,1,1,'2024-02-27',90.93,0.21,3,2),
(35,26,8,2,'2024-02-29',14.99,0.21,2,2),
(36,23,2,1,'2024-03-01',164.89,0.21,1,2),
(37,26,9,3,'2024-03-03',55.96,0.21,2,1),
(38,13,5,2,'2024-03-03',604.89,0.21,1,2),
(39,26,2,1,'2024-03-06',1079.91,0.21,1,3),
(40,25,6,2,'2024-03-07',68.97,0.21,3,3),
(41,19,10,3,'2024-03-07',499.90,0.21,1,3),
(42,17,5,2,'2024-03-09',1099.90,0.21,4,2),
(43,16,1,1,'2024-03-12',149.94,0.21,3,3),
(44,25,9,3,'2024-03-15',59.94,0.21,4,3),
(45,21,7,2,'2024-03-15',119.99,0.21,4,3),
(46,20,6,2,'2024-03-17',549.95,0.21,1,2),
(47,16,7,2,'2024-03-17',149.94,0.21,2,2),
(48,13,9,3,'2024-03-20',179.91,0.21,1,3),
(49,16,2,1,'2024-03-20',137.94,0.21,3,3),
(50,26,8,2,'2024-03-21',699.93,0.21,4,3),
(51,20,7,2,'2024-03-23',49.98,0.21,3,3),
(52,17,5,2,'2024-03-26',29.99,0.21,2,3),
(53,24,9,3,'2024-03-26',399.92,0.21,3,1),
(54,26,6,2,'2024-03-26',10.99,0.21,2,3),
(55,17,6,2,'2024-03-27',71.96,0.21,1,2),
(56,15,10,3,'2024-03-30',479.96,0.21,4,2),
(57,14,8,2,'2024-04-01',243.98,0.21,2,3),
(58,14,8,2,'2024-04-02',65.94,0.21,1,1),
(59,19,5,2,'2024-04-05',99.95,0.21,2,1),
(60,23,11,3,'2024-04-08',349.93,0.21,2,1),
(61,15,10,3,'2024-04-08',199.96,0.21,2,1),
(62,26,6,2,'2024-04-09',174.93,0.21,2,1),
(63,13,3,1,'2024-04-10',206.91,0.21,4,3),
(64,22,1,1,'2024-04-12',159.92,0.21,4,1),
(65,24,12,3,'2024-04-12',294.95,0.21,1,2),
(66,15,9,3,'2024-04-13',1079.91,0.21,2,3),
(67,26,6,2,'2024-04-15',487.96,0.21,1,2),
(68,15,3,1,'2024-04-18',99.96,0.21,1,1),
(69,23,1,1,'2024-04-21',269.91,0.21,4,2),
(70,15,4,1,'2024-04-21',249.95,0.21,3,2),
(71,22,1,1,'2024-04-23',103.92,0.21,4,3),
(72,24,6,2,'2024-04-23',99.95,0.21,3,3),
(73,20,8,2,'2024-04-23',105.99,0.21,2,1),
(74,21,6,2,'2024-04-24',107.91,0.21,4,2),
(75,25,11,3,'2024-04-27',359.97,0.21,2,3),
(76,17,4,1,'2024-04-27',111.96,0.21,3,3),
(77,16,9,3,'2024-04-28',160.93,0.21,1,2),
(78,21,11,3,'2024-04-28',183.92,0.21,4,2),
(79,21,7,2,'2024-04-28',45.98,0.21,4,2),
(80,19,12,3,'2024-04-28',999.90,0.21,1,2),
(81,26,5,2,'2024-04-30',114.95,0.21,1,1),
(82,18,7,2,'2024-05-03',79.95,0.21,3,3),
(83,23,9,3,'2024-05-03',139.95,0.21,1,1),
(84,20,2,1,'2024-05-05',17.99,0.21,3,2),
(85,14,4,1,'2024-05-06',294.95,0.21,3,3),
(86,15,4,1,'2024-05-09',35.97,0.21,4,3),
(87,16,5,2,'2024-05-09',90.93,0.21,1,3),
(88,15,12,3,'2024-05-11',659.89,0.21,3,3),
(89,13,12,3,'2024-05-13',149.94,0.21,1,3),
(90,24,2,1,'2024-05-14',252.89,0.21,3,1),
(91,23,6,2,'2024-05-15',116.91,0.21,1,2),
(92,25,9,3,'2024-05-16',731.94,0.21,1,3),
(93,24,2,1,'2024-05-17',89.97,0.21,1,2),
(94,20,7,2,'2024-05-18',117.98,0.21,2,1),
(95,19,3,1,'2024-05-19',499.95,0.21,1,2),
(96,21,7,2,'2024-05-19',648.89,0.21,1,1),
(97,19,7,2,'2024-05-19',75.96,0.21,4,3),
(98,18,9,3,'2024-05-19',76.93,0.21,3,3),
(99,16,9,3,'2024-05-20',731.94,0.21,4,2),
(100,25,3,1,'2024-05-23',21.98,0.21,4,2),
(101,17,6,2,'2024-05-24',129.90,0.21,3,1),
(102,15,7,2,'2024-05-25',235.96,0.21,4,2),
(103,20,3,1,'2024-05-26',139.90,0.21,3,1),
(104,26,12,3,'2024-05-28',879.92,0.21,3,2),
(105,14,2,1,'2024-05-29',77.94,0.21,1,1),
(106,21,6,2,'2024-05-29',269.91,0.21,3,2),
(107,14,11,3,'2024-05-30',539.91,0.21,4,2),
(108,24,7,2,'2024-05-30',274.89,0.21,2,1),
(109,25,1,1,'2024-05-30',224.91,0.21,1,2),
(110,23,11,3,'2024-05-30',175.89,0.21,3,3),
(111,16,6,2,'2024-06-01',119.92,0.21,2,1),
(112,15,9,3,'2024-06-03',299.94,0.21,4,2),
(113,14,2,1,'2024-06-04',90.93,0.21,1,1),
(114,21,1,1,'2024-06-05',98.91,0.21,3,2),
(115,13,11,3,'2024-06-08',111.96,0.21,4,3),
(116,13,11,3,'2024-06-09',119.98,0.21,1,2),
(117,20,6,2,'2024-06-10',252.89,0.21,3,3),
(118,13,5,2,'2024-06-10',359.97,0.21,2,1),
(119,19,12,3,'2024-06-10',71.96,0.21,1,3),
(120,22,7,2,'2024-06-12',211.98,0.21,3,2),
(121,24,4,1,'2024-06-15',160.93,0.21,2,3),
(122,21,10,3,'2024-06-18',799.92,0.21,4,2),
(123,21,5,2,'2024-06-18',47.96,0.21,3,2),
(124,24,10,3,'2024-06-18',68.97,0.21,1,2),
(125,18,10,3,'2024-06-21',249.95,0.21,3,2),
(126,25,12,3,'2024-06-21',899.91,0.21,3,2),
(127,21,6,2,'2024-06-21',179.90,0.21,3,2),
(128,14,5,2,'2024-06-22',219.98,0.21,2,3),
(129,25,4,1,'2024-06-24',15.99,0.21,2,2),
(130,24,1,1,'2024-06-27',103.98,0.21,2,2),
(131,20,12,3,'2024-06-29',423.96,0.21,2,1),
(132,26,2,1,'2024-07-02',59.95,0.21,1,3),
(133,26,10,3,'2024-07-04',384.93,0.21,4,3)
;

INSERT INTO "OrderProduct" ("Id", "OrderId", "ProductId", "Quantity", "UnitPrice") VALUES
(1,1,1,2,19.98),
(2,1,13,10,249.90),
(3,2,18,2,45.98),
(4,2,16,8,87.92),
(5,2,13,1,24.99),
(6,3,14,8,439.92),
(7,3,23,7,195.93),
(8,4,19,2,103.98),
(9,5,12,4,71.96),
(10,5,20,3,317.97),
(11,5,11,2,23.98),
(12,6,13,5,124.95),
(13,6,7,6,119.94),
(14,6,6,2,25.98),
(15,7,16,1,10.99),
(16,7,10,11,1209.89),
(17,8,6,7,90.93),
(18,8,25,3,365.97),
(19,9,5,5,499.95),
(20,9,5,2,199.98),
(21,9,2,1,14.99),
(22,9,7,7,139.93),
(23,9,5,10,999.90),
(24,10,15,11,1319.89),
(25,10,20,4,423.96),
(26,10,1,8,79.92),
(27,10,10,8,879.92),
(28,11,9,3,179.97),
(29,11,24,10,589.90),
(30,11,11,1,11.99),
(31,11,5,8,799.92),
(32,12,23,3,83.97),
(33,12,8,11,329.89),
(34,13,1,2,19.98),
(35,13,3,10,199.90),
(36,13,2,10,149.90),
(37,13,7,1,19.99),
(38,14,17,4,63.96),
(39,15,2,7,104.93),
(40,15,15,1,119.99),
(41,15,16,2,21.98),
(42,16,6,11,142.89),
(43,16,22,1,18.99),
(44,16,1,3,29.97),
(45,17,1,8,79.92),
(46,17,8,8,239.92),
(47,18,4,8,399.92),
(48,18,25,10,1219.90),
(49,18,18,8,183.92),
(50,18,21,4,55.96),
(51,19,16,1,10.99),
(52,19,25,9,1097.91),
(53,19,16,5,54.95),
(54,19,7,5,99.95),
(55,20,1,2,19.98),
(56,20,21,11,153.89),
(57,20,9,1,59.99),
(58,21,11,3,35.97),
(59,21,23,3,83.97),
(60,22,9,2,119.98),
(61,22,20,6,635.94),
(62,22,20,2,211.98),
(63,23,23,9,251.91),
(64,23,10,6,659.94),
(65,23,18,7,160.93),
(66,24,15,9,1079.91),
(67,24,22,4,75.96),
(68,24,25,11,1341.89),
(69,25,21,6,83.94),
(70,25,7,7,139.93),
(71,25,22,8,151.92),
(72,25,15,11,1319.89),
(73,25,24,2,117.98),
(74,26,2,4,59.96),
(75,26,21,7,97.93),
(76,26,10,6,659.94),
(77,26,2,6,89.94),
(78,26,2,9,134.91),
(79,26,4,7,349.93),
(80,26,3,1,19.99),
(81,27,2,2,29.98),
(82,27,21,4,55.96),
(83,27,6,11,142.89),
(84,27,24,3,176.97),
(85,28,11,1,11.99),
(86,28,15,2,239.98),
(87,28,17,9,143.91),
(88,29,9,11,659.89),
(89,29,5,11,1099.89),
(90,30,11,5,59.95),
(91,30,3,3,59.97),
(92,30,8,9,269.91),
(93,31,6,4,51.96),
(94,31,18,1,22.99),
(95,31,18,4,91.96),
(96,31,13,2,49.98),
(97,32,10,2,219.98),
(98,32,12,5,89.95),
(99,32,20,9,953.91),
(100,32,19,8,415.92),
(101,33,4,4,199.96),
(102,33,2,6,89.94),
(103,33,3,1,19.99),
(104,33,14,8,439.92),
(105,34,22,11,208.89),
(106,34,8,10,299.90),
(107,34,16,8,87.92),
(108,34,8,7,209.93),
(109,34,6,7,90.93),
(110,35,11,6,71.94),
(111,35,2,1,14.99),
(112,36,2,6,89.94),
(113,36,11,10,119.90),
(114,36,22,8,151.92),
(115,36,12,9,161.91),
(116,36,2,11,164.89),
(117,37,13,10,249.90),
(118,37,21,4,55.96),
(119,38,4,11,549.89),
(120,38,4,4,199.96),
(121,38,25,11,1341.89),
(122,38,17,10,159.90),
(123,38,3,7,139.93),
(124,38,14,11,604.89),
(125,39,14,6,329.94),
(126,39,1,7,69.93),
(127,39,15,9,1079.91),
(128,40,7,11,219.89),
(129,40,24,9,530.91),
(130,40,19,6,311.94),
(131,40,18,3,68.97),
(132,41,20,7,741.93),
(133,41,10,9,989.91),
(134,41,4,10,499.90),
(135,42,10,7,769.93),
(136,42,10,6,659.94),
(137,42,1,8,79.92),
(138,42,10,10,1099.90),
(139,43,13,6,149.94),
(140,44,17,9,143.91),
(141,44,5,6,599.94),
(142,44,21,10,139.90),
(143,44,1,6,59.94),
(144,45,13,8,199.92),
(145,45,24,5,294.95),
(146,45,15,1,119.99),
(147,46,24,11,648.89),
(148,46,10,5,549.95),
(149,47,19,9,467.91),
(150,47,5,4,399.96),
(151,47,25,10,1219.90),
(152,47,9,1,59.99),
(153,47,13,6,149.94),
(154,48,21,11,153.89),
(155,48,10,4,439.96),
(156,48,6,9,116.91),
(157,48,7,4,79.96),
(158,48,7,3,59.97),
(159,48,7,9,179.91),
(160,49,24,8,471.92),
(161,49,23,7,195.93),
(162,49,20,4,423.96),
(163,49,21,5,69.95),
(164,49,25,7,853.93),
(165,49,2,11,164.89),
(166,49,18,6,137.94),
(167,50,16,9,98.91),
(168,50,24,3,176.97),
(169,50,18,4,91.96),
(170,50,5,7,699.93),
(171,51,4,11,549.89),
(172,51,21,7,97.93),
(173,51,13,2,49.98),
(174,52,13,4,99.96),
(175,52,5,2,199.98),
(176,52,8,1,29.99),
(177,53,9,7,419.93),
(178,53,21,9,125.91),
(179,53,5,8,799.92),
(180,53,4,8,399.92),
(181,54,8,3,89.97),
(182,54,18,4,91.96),
(183,54,23,7,195.93),
(184,54,7,1,19.99),
(185,54,16,1,10.99),
(186,55,15,6,719.94),
(187,55,12,4,71.96),
(188,56,8,7,209.93),
(189,56,7,3,59.97),
(190,56,5,8,799.92),
(191,56,19,9,467.91),
(192,56,15,4,479.96),
(193,57,19,3,155.97),
(194,57,25,2,243.98),
(195,58,13,3,74.97),
(196,58,7,1,19.99),
(197,58,16,7,76.93),
(198,58,17,2,31.98),
(199,58,1,5,49.95),
(200,58,16,6,65.94),
(201,59,2,10,149.90),
(202,59,3,5,99.95),
(203,60,21,2,27.98),
(204,60,11,2,23.98),
(205,60,4,7,349.93),
(206,61,18,5,114.95),
(207,61,4,4,199.96),
(208,62,19,7,363.93),
(209,62,4,1,49.99),
(210,62,10,9,989.91),
(211,62,14,2,109.98),
(212,62,13,7,174.93),
(213,63,25,7,853.93),
(214,63,1,1,9.99),
(215,63,9,11,659.89),
(216,63,18,9,206.91),
(217,64,16,1,10.99),
(218,64,7,8,159.92),
(219,65,3,10,199.90),
(220,65,24,7,412.93),
(221,65,24,5,294.95),
(222,66,11,6,71.94),
(223,66,15,9,1079.91),
(224,67,2,7,104.93),
(225,67,25,4,487.96),
(226,68,13,8,199.92),
(227,68,4,6,299.94),
(228,68,12,8,143.92),
(229,68,13,4,99.96),
(230,69,8,9,269.91),
(231,70,19,1,51.99),
(232,70,12,3,53.97),
(233,70,4,5,249.95),
(234,71,8,10,299.90),
(235,71,3,1,19.99),
(236,71,11,3,35.97),
(237,71,6,8,103.92),
(238,72,16,11,120.89),
(239,72,3,5,99.95),
(240,73,7,10,199.90),
(241,73,4,6,299.94),
(242,73,18,5,114.95),
(243,73,20,1,105.99),
(244,74,7,5,99.95),
(245,74,15,7,839.93),
(246,74,11,9,107.91),
(247,75,22,10,189.90),
(248,75,15,8,959.92),
(249,75,15,3,359.97),
(250,76,1,9,89.91),
(251,76,8,6,179.94),
(252,76,6,6,77.94),
(253,76,19,8,415.92),
(254,76,23,4,111.96),
(255,77,20,3,317.97),
(256,77,4,11,549.89),
(257,77,18,5,114.95),
(258,77,9,2,119.98),
(259,77,18,7,160.93),
(260,78,25,4,487.96),
(261,78,23,9,251.91),
(262,78,15,11,1319.89),
(263,78,18,8,183.92),
(264,79,3,10,199.90),
(265,79,15,11,1319.89),
(266,79,18,2,45.98),
(267,80,23,1,27.99),
(268,80,5,10,999.90),
(269,81,18,5,114.95),
(270,82,10,2,219.98),
(271,82,17,5,79.95),
(272,83,22,10,189.90),
(273,83,23,5,139.95),
(274,83,22,11,208.89),
(275,83,23,5,139.95),
(276,84,22,5,94.95),
(277,84,24,1,58.99),
(278,84,11,5,59.95),
(279,84,12,1,17.99),
(280,85,24,5,294.95),
(281,86,18,3,68.97),
(282,86,11,3,35.97),
(283,87,25,3,365.97),
(284,87,24,10,589.90),
(285,87,6,7,90.93),
(286,88,2,8,119.92),
(287,88,9,11,659.89),
(288,89,21,10,139.90),
(289,89,19,10,519.90),
(290,89,6,11,142.89),
(291,89,13,6,149.94),
(292,90,1,9,89.91),
(293,90,18,11,252.89),
(294,91,6,9,116.91),
(295,92,5,5,499.95),
(296,92,3,4,79.96),
(297,92,25,6,731.94),
(298,93,22,3,56.97),
(299,93,19,3,155.97),
(300,93,8,3,89.97),
(301,94,4,2,99.98),
(302,94,7,1,19.99),
(303,94,17,4,63.96),
(304,94,16,7,76.93),
(305,94,24,2,117.98),
(306,95,20,3,317.97),
(307,95,6,7,90.93),
(308,95,5,5,499.95),
(309,96,6,11,142.89),
(310,96,24,11,648.89),
(311,97,15,8,959.92),
(312,97,19,11,571.89),
(313,97,22,4,75.96),
(314,98,9,4,239.96),
(315,98,3,5,99.95),
(316,98,16,7,76.93),
(317,99,14,8,439.92),
(318,99,19,7,363.93),
(319,99,7,1,19.99),
(320,99,19,1,51.99),
(321,99,9,5,299.95),
(322,99,25,6,731.94),
(323,100,3,11,219.89),
(324,100,7,11,219.89),
(325,100,16,2,21.98),
(326,101,6,10,129.90),
(327,102,5,7,699.93),
(328,102,1,2,19.98),
(329,102,19,10,519.90),
(330,102,15,2,239.98),
(331,102,4,8,399.92),
(332,102,24,4,235.96),
(333,103,21,10,139.90),
(334,104,10,8,879.92),
(335,105,20,1,105.99),
(336,105,6,6,77.94),
(337,106,17,9,143.91),
(338,106,8,9,269.91),
(339,107,25,9,1097.91),
(340,107,9,10,599.90),
(341,107,21,6,83.94),
(342,107,22,4,75.96),
(343,107,9,9,539.91),
(344,108,22,10,189.90),
(345,108,6,6,77.94),
(346,108,7,5,99.95),
(347,108,13,11,274.89),
(348,109,19,5,259.95),
(349,109,12,3,53.97),
(350,109,25,9,1097.91),
(351,109,14,7,384.93),
(352,109,13,9,224.91),
(353,110,3,4,79.96),
(354,110,10,2,219.98),
(355,110,8,6,179.94),
(356,110,14,4,219.96),
(357,110,15,8,959.92),
(358,110,17,11,175.89),
(359,111,5,3,299.97),
(360,111,12,2,35.98),
(361,111,7,2,39.98),
(362,111,4,7,349.93),
(363,111,2,8,119.92),
(364,112,2,7,104.93),
(365,112,4,6,299.94),
(366,113,24,10,589.90),
(367,113,10,5,549.95),
(368,113,6,7,90.93),
(369,114,12,5,89.95),
(370,114,6,7,90.93),
(371,114,16,9,98.91),
(372,115,17,3,47.97),
(373,115,23,4,111.96),
(374,116,12,8,143.92),
(375,116,13,6,149.94),
(376,116,9,7,419.93),
(377,116,9,2,119.98),
(378,117,25,6,731.94),
(379,117,23,3,83.97),
(380,117,18,11,252.89),
(381,118,2,5,74.95),
(382,118,15,3,359.97),
(383,119,12,2,35.98),
(384,119,21,9,125.91),
(385,119,9,1,59.99),
(386,119,12,4,71.96),
(387,119,14,6,329.94),
(388,119,4,7,349.93),
(389,119,12,4,71.96),
(390,120,3,8,159.92),
(391,120,23,8,223.92),
(392,120,20,2,211.98),
(393,121,2,7,104.93),
(394,121,18,7,160.93),
(395,122,5,8,799.92),
(396,123,17,11,175.89),
(397,123,10,9,989.91),
(398,123,2,7,104.93),
(399,123,16,2,21.98),
(400,123,11,4,47.96),
(401,124,10,1,109.99),
(402,124,12,2,35.98),
(403,124,18,3,68.97),
(404,125,22,1,18.99),
(405,125,19,4,207.96),
(406,125,4,5,249.95),
(407,126,5,9,899.91),
(408,127,10,2,219.98),
(409,127,10,5,549.95),
(410,127,5,9,899.91),
(411,127,10,11,1209.89),
(412,127,12,10,179.90),
(413,128,15,9,1079.91),
(414,128,25,1,121.99),
(415,128,4,1,49.99),
(416,128,10,2,219.98),
(417,129,1,7,69.93),
(418,129,17,1,15.99),
(419,130,2,1,14.99),
(420,130,9,10,599.90),
(421,130,11,1,11.99),
(422,130,19,2,103.98),
(423,131,1,3,29.97),
(424,131,1,6,59.94),
(425,131,20,11,1165.89),
(426,131,20,4,423.96),
(427,132,13,2,49.98),
(428,132,11,7,83.93),
(429,132,11,5,59.95),
(430,133,7,5,99.95),
(431,133,14,7,384.93)
;